X1,X2,Class
-0.9545637117861787,10.922565878773645,0
9.27393857406242,-5.891389492883342,0
8.509063754778804,-4.312051123985084,0
7.409315382534391,-3.7598306851482386,0
-1.4484335983308316,6.355646011360392,0
6.467709565040881,2.7127432518981553,0
1.705344146998467,3.873413612715491,0
2.6704920969357353,7.258268765451332,0
-8.262567075839115,16.38265067236381,0
-1.1467821785603647,8.996945669743848,0
4.29424638923239,-1.25413454169259,0
-9.727799473465424,14.198896964605026,0
-3.559242378618288,9.304339618690607,0
1.2009386616953748,6.359657857776722,0
-1.336899766099151,10.689800929171273,0
9.156835646040747,-4.99913915943594,0
7.1136177167681645,-3.598846506940133,0
-1.1809892839165066,9.71137342688808,0
-3.7326576859417244,6.912448380716957,0
-6.639789574674455,12.80285865759297,0
2.863586500510797,1.14939635664794,0
7.133834780394032,0.6514751964441903,0
7.58848113632607,0.526350523329997,0
-2.1120130576301293,8.822231117222586,0
-4.614470038456657,11.192582376105943,0
8.666862565487602,-3.097915606758245,0
5.783059305436627,0.5211310511409719,0
-2.389221460520976,11.40153362073946,0
-0.6424834225475315,6.986856026982251,0
9.916912810016292,-0.5055458103032766,0
-8.828626030936098,17.04782434486848,0
-2.0879983495092835,11.996024817984484,0
-9.974401175978935,16.631318295099383,0
-8.325277888971945,18.030456708621887,0
-7.582700449465953,15.545707306624783,0
9.150546765865997,-4.8419339486147335,0
1.9253150370450722,3.2465343011609535,0
2.403924562362503,5.888530270901372,0
6.208034272042774,-0.29625904003509174,0
-2.576138960854384,11.175258853190815,0
-3.56880037750064,9.181746006906938,0
7.030484612288358,-3.897785016313011,0
-3.6173787527831047,12.927505913234711,0
1.1415870650411577,5.932290550461639,0
-2.2985089896275213,11.51894554598713,0
-7.271782287877913,14.220126399644588,0
4.440448339348894,1.6651430774494491,0
1.4713726426956608,6.903951111388039,0
-5.110570691924652,8.930629983847608,0
2.069646813556938,1.9487423827213703,0
-0.5640197349317653,7.672548005418261,0
-4.025032968752078,11.701745557016967,0
-6.198180771654416,10.195582040007436,0
0.09485144132782075,9.543081537520552,0
-9.840230838696062,17.346302766027545,0
-8.729805158598744,17.34972447009384,0
-6.819098380171862,16.67955516211085,0
-0.6821545596836245,6.436380476560418,0
7.015729157926895,-1.8684179199679178,0
3.8062875655546122,4.367113595206526,0
-0.8810551060231742,7.240768927452668,0
6.667348989958068,2.8708299951237066,0
4.57712387555101,5.10885390499239,0
9.14677840002199,-0.6989070280275982,0
5.812111427335511,0.12301953166783264,0
-5.012719523718494,8.604386863514648,0
-9.129234087817169,15.324886859551158,0
-4.505272603148651,11.8029119948616,0
-7.991834370154929,11.082944951636179,0
-9.667957992197971,15.079882184165273,0
-4.39591754735148,8.676393179790495,0
-8.817084658242551,15.542415804351059,0
-4.566457637151258,14.399134999594429,0
-9.639856665755183,13.107379813623524,0
6.372123341943883,1.9362006133906817,0
1.980880894509955,7.780474222547085,0
-2.8983357227919075,8.005912587888204,0
-0.7446724042378321,8.734286498947277,0
-5.347207025543401,11.257876308759716,0
7.837950122293357,-2.4694546361363603,0
-9.435255720551927,16.943445305866938,0
-3.377510003478368,10.956808046648666,0
8.588025111731415,-4.029028305288571,0
5.793659062382815,-2.1106398865102505,0
-7.473192354720579,12.559837535044583,0
-5.509335791631303,15.312409381308326,0
-7.611263983227177,17.39786597868276,0
9.908303345035105,-2.885514945602555,0
-0.8762159775559759,8.552224198742248,0
2.95110451543316,5.740224749551668,0
-1.6801788810360296,10.252481598215343,0
-2.358740703398361,11.744649586140472,0
-0.21700523906820202,6.72006620934216,0
-5.404964334828215,9.89942362723609,0
8.490414270788346,-5.389754349516817,0
-9.002715640152442,16.198220663252435,0
-3.840798283024993,12.2745717996416,0
7.191978708880519,1.6776597161736237,0
-9.773579476459837,18.853625003726563,0
6.816773479018849,-3.666612095472796,0
6.897187549015229,2.199857822824507,0
1.0641348994819122,5.814914068773166,0
-4.468600824776785,9.232537022817429,0
-0.21348356640663546,5.187105953406197,0
-1.1613149278164148,4.235239515775472,0
5.127647987851809,2.668786302563962,0
-3.4235016124639657,7.436970579657949,0
-5.732802953172098,15.672578640420582,0
-6.637277194416004,13.19914196176156,0
4.913081407440272,0.41132728543960795,0
5.342609594560299,2.961103297447549,0
-9.852336601775738,18.601359835016183,0
-3.6358783779873693,10.102097235967943,0
5.954940870303428,0.7890449675351334,0
-1.0675695102058587,6.658404692636131,0
0.1248226466433664,5.7590774107183105,0
5.632842822113114,-2.2565448756620317,0
-0.3629420727446018,8.786882922524562,0
-1.8756405932842153,5.052180277648078,0
-5.43783298784557,14.718235727927816,0
-6.2128920642041985,9.765592620673692,0
6.809649203669153,-3.0027461665298225,0
0.9938682066087079,3.3701012100316277,0
0.2477156161361993,5.91554797289537,0
-5.728975858017082,14.583262660685023,0
3.7974565306165875,5.40935112269552,0
8.540343509669409,-1.8512074787276216,0
-0.9777142912413268,4.921324077157694,0
4.037933356626212,5.517769827616018,0
-4.396688521653303,8.183881712295634,0
-7.714851733944754,12.362556864407786,0
-3.462163717960731,8.347437905704222,0
1.956012730312775,6.2174951807137155,0
-4.076499547763925,9.084299077502736,0
-1.5294913559384593,10.720877860336978,0
5.190013733049883,0.5041841894877175,0
0.6102838418675525,4.2575265886441045,0
7.9976640027498505,1.0277245476902017,0
-7.426996650259891,14.90066269785061,0
-4.951769045540766,8.601272386650837,0
-5.241605341376259,11.963614028530058,0
-5.683491230430022,10.510352257106865,0
-8.763327317088327,18.732343842811083,0
-6.5282856207258195,11.281662983160647,0
-4.684782053630454,10.905622243934484,0
4.733798471787743,3.9921097910222016,0
8.679177396228543,-1.240766642279727,0
-8.603839359338973,15.85460389905431,0
-6.059439940953952,12.461014333933994,0
3.217372337325008,3.739731042137759,0
5.162138053746041,1.4704145287672805,0
-6.184006688502932,15.518065436379157,0
-0.9325608126072602,10.257683366197899,0
-4.741037150337841,9.262039891746515,0
7.455441076890146,-0.00852802749052639,0
3.462452572327164,4.921121931888601,0
8.321711942433517,-0.7961406462523897,0
-8.80765884942907,12.167421827901908,0
8.075907875994016,0.5836083293995529,0
1.7297031036165205,6.188499032415802,0
7.622056986550106,-0.15382664745747832,0
6.159269994922948,-1.18364753083603,0
6.3484798232560316,-2.5179076094059405,0
8.979700154009869,-1.1778988257446095,0
-0.3151839493625985,6.101074994622611,0
0.6137222504860222,6.718584176805883,0
-2.5538394463266467,6.865853787136817,0
-9.362151210460501,14.250479518431643,0
2.957544911973276,1.3068443731169754,0
9.637988178832273,-2.446129664427943,0
2.0808880856237284,0.9804545649632623,0
6.431404779469766,1.8912280691957406,0
-9.980331354426093,19.797976768844443,0
0.5094188334575058,5.070290659515258,0
-9.12433298749771,13.636681515524327,0
-7.22365182717277,12.588312244861608,0
6.522520759124969,-2.3810993523789445,0
-5.161488795437929,9.739050512612659,0
1.0218732992321335,5.434913147204361,0
-1.3825641625757257,9.66248429834484,0
-6.316478712221858,15.500706745973766,0
3.9748350189749537,-0.5922521075232021,0
-1.466415641075125,9.798584400561523,0
-6.998336295791732,10.924981929243604,0
9.851980871462796,-5.452976670426377,0
-8.715891617279325,15.134951527404683,0
8.446943453568931,0.30361099118689694,0
9.528587577262893,-0.013545816788475662,0
-1.0229576521965917,6.693556265168543,0
5.491742444407482,1.4742152672772013,0
-7.874342605222877,17.84513015476967,0
4.163294217176219,-0.08377581293282432,0
-5.77621268969563,10.084072688180925,0
7.170150774412502,-3.174980049793879,0
9.141220961715074,-5.835872772380741,0
-8.42125664436889,11.546347593778549,0
1.7252607638582553,1.6194307858456272,0
-7.270895006586944,14.474741987783709,0
-8.744488939433182,13.545288815055407,0
-1.8553139197027395,6.517543047949129,0
-2.408611255970201,6.7892404977261345,0
4.438012333696555,4.4159611338831155,0
-1.6839363712467268,5.2864583212946705,0
-9.7578788430889,15.621497617430279,0
7.846616925563591,0.563659933339391,0
5.931099278111585,3.501686011388955,0
0.005199451393707477,9.977564595632458,0
-0.33789181912272426,8.671655167004918,0
-3.1249206497653876,11.01487030491824,0
9.102189356648786,-2.5990455118861115,0
5.528346473966906,2.6851217914500225,0
-6.9829051260607145,12.644936309997682,0
4.1232585736786085,1.1605390919217164,0
-2.507240350340938,9.04387133281598,0
2.1257368667259406,7.296658282217493,0
-9.497829670210322,16.983697974990775,0
-0.7612683051390601,4.701074730485065,0
-9.647183808931729,14.623252496136246,0
8.2792560649985,1.024351859761719,0
-9.658884863999983,16.88300638967477,0
9.380320994293275,-4.410803860993902,0
1.1179273380092916,4.008720593638099,0
-3.816687940580678,10.686797619093333,0
-2.3396432291917186,9.120667968199403,0
-2.529042361701517,7.89790360754631,0
-9.881790226993383,13.015991604468368,0
-8.78048513198636,15.835688505676995,0
0.5734952634353956,7.870769421491117,0
6.163226008702473,1.0207147057388655,0
-5.962440069901169,12.444616474525148,0
-1.6946721871735182,5.935952932269833,0
-3.9357381117934542,12.036562623429916,0
-1.7900136200588364,10.92478286288306,0
-7.243186909622219,17.042769778368392,0
3.8608648071797056,2.743565573155033,0
-3.713333716727707,9.62073180696164,0
4.60824346063934,-0.45112162586805216,0
0.6062727749856851,5.481634508185418,0
4.145058507532713,0.7044463257745512,0
-5.451119415833496,12.672306588764865,0
-9.643773144309101,13.907655738811124,0
5.837967994559438,2.9075213361432404,0
-7.289927543759573,15.7846831788985,0
7.556955330153251,0.9054542020627991,0
4.84790115803319,1.6948377357290578,0
-3.3132428272390557,9.55346685023644,0
-3.322429367305788,11.731587971749146,0
-2.214937629058589,5.368884678405612,0
-8.526533626042625,14.359736913902367,0
-1.6864150515505099,11.020011909935597,0
-3.3756072633264766,7.443897162640012,0
2.028880399701052,3.321673773536193,0
8.217693106157917,1.605853952403951,0
9.745309964023896,-2.6761025364364084,0
0.4671513851620208,9.018284915000828,0
-8.223473876964709,17.19379083692916,0
1.8515774107617737,2.0613163219224813,0
0.32598704878736484,3.3335051914370624,0
-3.5935494858224315,12.17498134553568,0
-3.511942314315788,8.736304072743383,0
-1.2360723853007975,5.056635813210473,0
-1.597575185175975,10.20044856608831,0
8.372403523332114,-1.150194955680643,0
-9.530016095241363,17.336984592984983,0
-5.764431050753506,13.061304399656866,0
-8.349738302542644,12.748356895549668,0
-3.219731900803522,12.752371896284675,0
-2.8889907640195034,12.736022194795359,0
-9.0879610493445,17.214620767654857,0
9.422236588975391,-4.438420346582999,0
2.5929974539527407,0.531105026506618,0
4.733938424284606,0.7788809085753394,0
1.2404168628653505,6.5169231961953695,0
2.5329607879574763,3.6630126694847096,0
7.224946397625025,-0.08948059409918141,0
-3.3849394364994945,11.814515099576788,0
-0.9114751079281032,10.612413066684189,0
-4.492735510507913,11.120778238380169,0
9.45611053897515,-0.17353802690973374,0
-4.750197749587284,10.107696127006715,0
0.343737009467187,5.845558344668153,0
-8.81294354839711,11.999236398782084,0
-6.633299182193908,12.752770666544222,0
7.045761584564026,-1.734816379694613,0
3.3197367933652444,5.0308644245762455,0
6.630892754121799,0.16152066446864932,0
-0.3870447594402666,8.442258432795255,0
9.253002538983122,-3.616564607973734,0
-0.8258316980732889,9.364273921526758,0
-2.785415320199296,9.121887919215528,0
-3.3130142739725947,10.040770788782556,0
7.0669887764926855,-0.20631993948357774,0
7.399583836226039,-3.789344550152191,0
-9.672209884734041,19.136387718270907,0
-0.19625203609166775,3.639785330199466,0
-2.2489682611957367,6.098827110089495,0
4.357202015795325,4.1118020985319745,0
-6.555050778143688,14.8386276699439,0
-1.221619091062605,10.037485485859198,0
-5.129443277264354,14.916653983442185,0
6.377409468314362,-1.3868540013608808,0
-4.480818409976881,7.521628323364009,0
-2.0638673854764322,6.786525197250691,0
-6.075301533108,11.07193217765496,0
-2.993448127144527,7.676354218214823,0
-1.9649085102963078,6.109655288519407,0
-8.169094799066187,14.356033187258987,0
4.895756016170385,4.498046671415471,0
-9.88255842927519,14.492012442371468,0
0.4035159811276383,8.647390712992388,0
1.2325235451570986,3.257811340599657,0
-7.80728516723749,11.596141952358607,0
4.235977947939682,2.0157802419300577,0
-7.727058949545933,11.867208529052576,0
9.01648013412878,-5.326240139528833,0
4.024375460327896,5.9434184636160445,0
-1.713187692307475,7.507187110147858,0
3.0627339584096998,0.009722370647825773,0
-5.66187797699103,12.624245498531504,0
9.339228868043325,-4.640422693186224,0
-2.4319746327217295,9.741002729078161,0
-8.854006031664818,12.945034707037696,0
-1.1410689589839436,6.40758965232869,0
6.55460149734289,-3.155755955720111,0
3.583026197665278,6.179340363060099,0
0.19883525443157524,3.104253230427183,0
-8.809535585641264,15.236200297604867,0
4.284805339641043,4.661400949170165,0
-4.438862898913561,11.1580111017662,0
-0.8467908119140883,7.4627238573606895,0
-8.242281136987497,16.479815787248825,0
4.796712992179732,4.207687123946574,0
-1.3855954143145084,9.863940114503109,0
0.3066855699377342,3.80633006201748,0
-0.16883261430103502,7.227233563553208,0
2.149827597984462,7.127551936838733,0
-5.212936674655859,11.937725877979869,0
-7.705191598937072,12.111878470524186,0
-8.47459505677225,14.864659672080704,0
5.335276003218738,0.26516413513035353,0
-1.946687617177714,6.34372738242185,0
0.47406495375914304,9.29020681889096,0
2.731312105369881,6.607828540357854,0
6.4072925375749605,-3.377567004278027,0
-4.321563490429574,9.130936976973874,0
-8.191769567356078,16.34127190317313,0
-2.830318864117613,7.049248315509062,0
-8.89647245882392,13.756894034757526,0
-2.663109450543182,8.067477967836748,0
-9.665254795063682,13.736963675772746,0
-8.852773169486847,17.931877970956826,0
-0.4212758840568398,8.312054207845776,0
-0.8863719411807036,6.051117468071247,0
-3.2759164261439144,12.619757391003294,0
2.179790578390776,2.269283182313483,0
-3.5758851708774664,9.453841384222029,0
-9.450301452325888,15.0548684670806,0
3.5611485515086176,3.0817816534730085,0
6.704182576785271,-0.6881407103504253,0
-3.8230342219510653,6.910455470227993,0
8.043103594076658,1.7213584266774653,0
-6.700537715576411,13.165604228584009,0
1.8706139343464994,5.434558001326116,0
-8.239129072677052,16.025792455481913,0
-3.2352813825124933,7.261773887569479,0
8.093788772203801,-3.2457526984956884,0
-4.845464416140681,13.650276471512493,0
7.951913824542345,0.9834140445833448,0
-1.9204146627023881,6.827461238139309,0
9.937274999268894,-5.655749349207347,0
4.720986686844883,3.7890457485062523,0
-5.150426028421789,12.533426915367539,0
-4.549306590522426,13.136924995638566,0
4.531216830025819,4.523142298303554,0
9.890649134411408,-2.6830702525542023,0
2.792514827672317,6.103230210464837,0
-7.908493112726185,17.10365673918349,0
3.57192390823419,0.31269832255152785,0
-7.250362967695764,11.906562090578488,0
1.4803028610690099,4.821594477530285,0
-3.2138642385377736,7.358926491512222,0
3.9943147344641527,1.646657811402946,0
-5.436193702634977,11.274341126014779,0
-1.4860962228070722,7.786169341325589,0
1.3703473850994534,4.207949126599897,0
-3.312249908068205,11.695900990134986,0
5.785464986211544,2.556429130392159,0
2.8065530911505316,1.8513091914609863,0
-2.2205030040704,5.47581530176172,0
-1.345224687930175,7.307477350065696,0
-9.934365680370345,16.24233822926756,0
-0.5154291507523112,7.714181663229715,0
4.223660001521187,-0.004614783037137471,0
-7.949443795437363,12.913638343594329,0
7.555368033480757,-0.561045894751425,0
-2.477540705075292,10.941613572857221,0
-0.047658815562648726,4.75123968085344,0
4.151715572421589,1.2324572681101191,0
-5.585580479656023,9.986142624246849,0
-0.6551080529186528,6.397478610553905,0
0.43429957726895907,2.900026823264012,0
9.046963252198378,-5.001542029513489,0
-0.49298769857276703,5.407105678578511,0
7.776611302603605,1.1661570127400864,0
-6.923634125706057,16.794983369016208,0
-2.7356183634891433,6.143317253467814,0
2.0662830697771355,3.4198907511013132,0
0.7554055741745422,5.222014899731467,0
-2.071507568009827,8.630217276477588,0
-6.762209606447285,16.318522609415588,0
2.91762293666444,3.0305163564749265,0
-9.415335989320647,17.74435972209185,0
9.915852085345197,-5.5689561222056465,0
-1.255631709441353,4.8017639558342795,0
8.179607093678719,-1.5865575616581804,0
-6.860071888719443,13.02034853567455,0
-1.0742179121907576,8.680133542035755,0
9.839345003689846,-0.846581749910504,0
-2.6244090616213107,11.861750083984072,0
5.224188161207415,-0.1467155672196574,0
5.264356721390422,-1.5058008975899977,0
0.37600910900115814,3.8064717561792394,0
-2.0808986105034073,10.545685815945223,0
-8.606396115729469,18.53508741581784,0
4.293126714626645,-1.0072283865851537,0
8.281833738710354,-4.745089051925375,0
-9.92203685979048,13.98071557563457,0
0.586239127470682,7.8779341138267025,0
-1.916306732783763,11.808483151154697,0
-9.475499462957096,15.650919322842178,0
-2.9736065413884782,10.788743023999046,0
0.9768216766228619,5.609319259451026,0
4.641789496074928,-0.2383705625740955,0
-7.473254521972921,15.023471389942877,0
3.032444389434147,4.269947332624451,0
2.475660238514674,4.903179457346657,0
-7.134155022898831,10.456476575317634,0
6.658804138901942,-3.3213776681632714,0
5.8291889373002235,-1.652809409971046,0
2.038481610500485,6.394447687960531,0
2.3082144536657516,4.139494170009309,0
4.283817122994742,4.185860821042295,0
3.7627021432476013,3.0322892121553604,0
-9.904016771674373,19.89266497394803,0
0.8069504542549062,8.179367333097428,0
4.664316875146977,1.8121380167290297,0
-9.443064481144566,16.9753001114806,0
2.344416442620121,1.2701572805154435,0
5.177179174569444,1.6039945998668461,0
1.8833861136681591,4.071144812248798,0
2.9516396894180303,0.28039595839914266,0
4.029125043803559,0.9489866999660634,0
-3.4344352636328175,7.38653097605544,0
2.9571213783322605,1.5817981856723868,0
-5.275119955359471,10.439671683156767,0
3.0670094485013806,0.47868437210220005,0
-4.110000592715082,13.239702117186452,0
-1.600027215701953,10.594589015301885,0
0.8653176470682418,2.459673165132622,0
-8.088215955578804,13.556231399382598,0
-1.5994378696016565,4.8147791871051355,0
-6.979989499803432,13.91206143184758,0
7.9798840959703945,-2.3425023902028617,0
7.471924764199322,-3.7072720946622506,0
-2.505067597777342,7.45324604874046,0
4.887827455702929,5.0922398079938205,0
-3.2143419798294843,12.17691260419368,0
7.538495853431574,-1.9202426371716106,0
3.932088432440402,2.6418829128094083,0
-4.094432225723628,12.308488996598049,0
2.017197425804172,3.2788441789953406,0
-1.5092573908025457,11.458987862537295,0
-6.485509992850482,13.576362143549535,0
7.218797274429303,0.8473532020221697,0
-3.344677896047939,6.440700736759103,0
6.939527988152353,2.1937425462264137,0
-4.406413506438498,8.809103468765628,0
6.802291656295338,0.6787184547318281,0
2.0095478467200643,4.062713151258013,0
8.355506772244084,-4.826663983163841,0
-6.3647725030200935,13.913361350060093,0
-0.16162722024511034,6.695151935500796,0
-7.39367664868714,10.675091681488162,0
-2.276784648997965,9.034915308560096,0
0.4097070944487271,4.4383517545542235,0
9.237957289180152,-1.7084544606830585,0
4.1785232686847085,0.3215969049119707,0
-6.757918086588952,16.54714238686754,0
-4.925721958425435,9.202396245306094,0
1.2481824963623218,6.059336421314326,0
-3.5600594954819247,8.814308110320141,0
-0.6869268119657725,6.6599244927200285,0
7.8137291771997255,1.6727677818014364,0
-5.327973692766463,13.355907984163963,0
4.2045609893802975,3.129410335449151,0
1.6410161098512415,1.4859719613442013,0
2.7186785066063415,4.033586738916636,0
-9.493053611502324,14.542460446373674,0
0.14282319394355625,6.2823912287131884,0
-8.281715891293633,17.5910991960155,0
-3.7359567979701547,13.000641267548179,0
-2.536834222695516,11.749311817292972,0
-8.35847763204521,15.343807183895185,0
-5.199741258590061,9.04628746862193,0
-7.070288407413958,16.974540238226858,0
7.977233721510174,0.8492382465823329,0
-9.430722110809942,16.97955762844782,0
9.192680674411296,-1.7132624899406403,0
-0.393195169068683,6.744149594347485,0
-2.628208076068102,7.820089693377216,0
6.1434254674792115,-0.36589075519862924,0
4.8520683636061275,1.0423951766027564,0
-8.585573587726081,18.15752012146465,0
1.8354327160238952,7.606790772633257,0
4.8970274697736205,1.7042300580632839,0
-0.48784260176580574,5.5404562352362765,0
3.0205698940906274,1.4331906944361998,0
-5.603511835457747,12.458322514955626,0
9.567463648022631,-5.669819051880208,0
-6.7659585110864295,14.427593171073317,0
7.721613033953201,-2.6116690549335715,0
1.6030288680586011,2.120867400551953,0
5.825176391306018,2.7472650805439507,0
-3.4217333835274015,11.061019057379285,0
6.470476739865539,2.672229869118386,0
8.701976284148312,-5.387257104747505,0
8.425226408309253,1.2190189812001364,0
-0.8727062613940291,3.8895385065642185,0
-4.399836470542658,9.445288832593992,0
-6.342608014274487,15.746175355629866,0
8.939799689364495,-3.8868922190609165,0
1.2699986591893477,2.7476304164959373,0
3.8047373980880934,6.110272800780141,0
-0.9236024347114693,8.704994291980885,0
4.131281169813546,2.8472700219392975,0
-6.437431995739615,13.156320194841454,0
1.1996087402653632,7.561514641618656,0
6.7811185997754,1.1230212415619754,0
8.538313891122353,-3.418507600147483,0
0.3192080278807943,4.5618703547129105,0
-1.3867202463300217,5.907660251561916,0
-0.7571138117769465,5.7783871436995575,0
9.321765292902558,-3.2229736723538895,0
8.127744578840282,-5.00090628806813,0
-5.085249305470649,10.891301806479891,0
-8.643059785618451,13.94113948515179,0
5.870865706128956,1.4794139057467222,0
7.8321543690336135,0.33158761251008073,0
-6.418945005118837,14.844916898989506,0
5.430332907308756,0.7563013805351577,0
-8.53200085559992,15.495649133825808,0
-9.99775626787372,15.641902551075516,0
0.39032732945923065,5.771235462686783,0
-3.1782588721829104,11.622614602652275,0
-7.3668322660843755,11.989310699827225,0
1.309001533325052,3.1267338930886455,0
-6.747100093096763,16.29356502067188,0
-3.499489034595147,10.46193220324454,0
-8.545457555884115,17.816542733993018,0
-7.975078713262507,12.475959609987624,0
5.63038615483091,2.4503964767891837,0
0.8044752697510678,5.690174035930655,0
-3.0240474567739,10.8850200742196,0
3.1098206055143063,6.219149975485157,0
-7.0611752325353905,14.527578066682704,0
6.436738134630289,0.7935594514113244,0
-9.314817852002683,14.229771719333149,0
-3.0474506334918727,6.664049431399693,0
9.320469087230723,-0.5551334133854269,0
8.451344447525852,-3.7400398687606637,0
-5.167010320923396,8.602317876695551,0
-7.127865231193393,14.440617975606353,0
-6.562201093829357,11.443073061611148,0
-2.681189609404142,11.653542825446468,0
2.5273653556748084,5.373286590175322,0
6.068914742919468,3.0506419621273206,0
-1.944577287992761,9.397499828293022,0
-9.912491483947377,18.637019231696545,0
-4.257157669273632,10.921517789133915,0
6.074347499922528,3.3339860268984385,0
-8.188205306254543,15.881565943764926,0
9.137528254390222,-5.2844309794812805,0
9.446029901072169,-5.355498844425226,0
9.00475951007462,-3.14415661669228,0
-8.727326368423839,12.014106257021687,0
-3.5541607783222062,9.14470347500441,0
-0.6434424985486835,5.226452501328865,0
0.7506967931425059,7.868920522738279,0
4.768491183995067,3.2398205277030527,0
5.584676504311441,-1.087761812215028,0
-8.00811439937794,12.061319197742776,0
7.091524895500271,2.6065466378516096,0
-4.902687296597383,14.535555804808752,0
-0.39621453180966704,8.761538071670683,0
-0.9024542460218825,10.563767678497545,0
-9.537778627070741,12.879292514238795,0
-4.795021370410262,11.492788269417282,0
-7.574627627186896,16.42565202560356,0
-3.9568101662916533,7.881405395251468,0
6.553267006480844,-0.21165415882518523,0
7.239822833783791,-0.3226174728733042,0
-7.698988891743223,17.412689264277347,0
3.880207885977125,5.732165473312229,0
-2.691311239756722,8.856385426232553,0
-5.527130048445685,11.640484021955295,0
3.6384337423061215,5.157880091202761,0
-6.289160399507574,12.845999535082285,0
-6.785136242362258,15.929872490669355,0
1.6870543890284733,5.926781530186325,0
-6.570096186386751,11.486774078119998,0
-8.574396512829562,11.799940812259079,0
-8.15628000932589,11.390201027732338,0
-4.901459709005989,13.295389978442236,0
-3.6179248455804425,9.839700826438854,0
8.695716973354102,1.0176863868763526,0
-3.7465310476751057,12.282123552558073,0
5.445129446962177,4.433349678557432,0
-4.764175218409193,11.408792063435627,0
-2.0320528531038295,8.466770958725066,0
1.8617456365252494,5.354242088244273,0
9.4148269023739,-6.337861091566504,0
0.6634506737194741,7.666882640354157,0
1.5032949832515907,1.9161104117237726,0
3.8911920877442867,4.57983371175829,0
-8.864131959144956,12.545263663200654,0
-7.608625729408081,15.927432269604479,0
-6.792700666894403,16.0320771688353,0
0.9680653606516376,8.4574086942541,0
-8.268470455020033,15.295599894926244,0
-1.5162386943524293,10.945265404618562,0
-0.620136443909372,8.658515030339691,0
-7.73532487754288,13.4086680774741,0
7.9446461810453926,-0.4899243593232159,0
7.023564740659069,-0.4589312910974268,0
5.3306392880718985,2.0366641701411803,0
4.466312194013085,2.2011640639651127,0
5.26763613140513,0.680694864533546,0
-8.686972118644382,16.207403334034947,0
-1.828126483018334,9.783852695239988,0
2.6460967257996053,3.6058132605808746,0
1.6146720771432062,1.7924755122473721,0
-6.409644177619105,14.015615034946883,0
-8.49821706839566,13.437177806037443,0
7.4627315857407055,-3.6446189521465757,0
1.7584236911082858,3.2373246545575904,0
-5.500501765605947,9.865905430172566,0
-0.3914075101924155,5.702560683230557,0
7.756493968771075,-3.8151861960859885,0
-9.635811044468678,17.80960213282865,0
-3.125251351786977,12.767926494767137,0
-6.060283220888618,12.930679633741674,0
-2.7050934891177336,8.566283997739081,0
-6.254589564573154,11.818080864804813,0
-8.025159464334441,17.02254457866249,0
7.190210922304566,-0.742291229220994,0
-5.123180014794708,8.979051458135178,0
-8.042132422798502,11.997999909443596,0
5.374574895268523,-2.0920579686540677,0
-5.156980956193012,8.558030908958294,0
5.998933373221876,2.294569157499195,0
-1.9468963327300628,8.706498442028519,0
3.777140729128517,3.7469706979122837,0
-5.430297861410187,13.814938158199995,0
8.93808109696857,-0.5036174664301036,0
-9.866887409645145,16.097601480428004,0
4.063321224033649,1.5403716192689192,0
9.164967587180158,-4.204316830923505,0
-0.9819833006337717,4.720591092302376,0
-4.006592247060725,11.314390728715896,0
-5.368044617987646,11.452674850080362,0
-9.641921078361504,16.23206033670646,0
-9.303081451256922,19.083529086797228,0
3.5132312174210227,0.827576571821373,0
-0.658171252252437,8.0572110580393,0
-0.3887510689584506,5.856144935220913,0
-0.3493305077115494,5.124589280510914,0
-7.114644934317713,10.926752733141097,0
-4.438819736532,13.051238681695331,0
-0.6549548543284338,6.25813781701792,0
-5.812986410887023,15.009961681426008,0
4.01665397311354,4.788265578605271,0
-8.463000128306454,17.38798576014071,0
-3.914321730125949,13.077747146006843,0
-1.2172834298119444,5.845263266371655,0
3.243567465261414,2.162673261216197,0
9.698168911491098,-3.9156013075848897,0
-4.089784209271114,11.945123754312117,0
-4.3771592403403,13.604065427989266,0
-6.133577155378875,11.123941631872537,0
4.410468564521954,3.3402894162058105,0
6.5598473014982694,1.759523922088917,0
9.866563376250465,-4.776742885545454,0
-1.7419952140990205,9.625731962170876,0
-3.0059368931271635,12.681857082212542,0
3.3240204850389716,5.9542275741245465,0
9.100800760361413,0.7484949116371205,0
-3.90823248465074,12.320708540130994,0
-9.92957357687124,18.412001246488934,0
-7.516240167491899,11.888082831524962,0
4.832618697029758,3.6407635699011553,0
7.942424225045901,-0.9224452711920756,0
7.134782660268307,-1.1975349630736076,0
-9.129158253200181,17.845290499403973,0
-6.689179335565898,13.779595951223941,0
-3.872613727921081,7.995333558425441,0
3.487541988705763,2.423134689060931,0
3.6608715567664234,1.617846582060558,0
-4.995569426847428,14.583815478267612,0
9.459918107312959,-3.95823723326391,0
9.718726093028053,-0.6807506227068316,0
9.850051032856857,-3.745886021103919,0
3.580365843035109,-0.5151551451577912,0
-6.576376676073057,14.66098051294764,0
6.119910020867469,2.103515435956105,0
-3.3604850012562215,10.930482056592592,0
-6.61610836949738,12.042723222818761,0
9.828645925962778,-0.9323710942188796,0
1.717228171793062,4.30883894625135,0
7.622084467791087,0.382095732804423,0
4.812025662203219,5.10095928037833,0
6.894632434555138,1.3065767288652381,0
-5.322174523593775,8.381064164304139,0
-5.884483069973891,15.77699080816494,0
1.410495137866846,3.360163646504465,0
7.741133725268288,0.07517560563593229,0
3.223379791340662,3.3991238359495544,0
-0.5783969615198199,8.936064281404802,0
1.906766700928479,7.375389277551708,0
-3.5552014736688564,7.478691098355908,0
1.8603394403935525,7.1847211789697845,0
8.361397796132405,-3.912786771982713,0
-1.0867317805931709,9.511296315853173,0
-2.6662797843354653,6.056739188694489,0
-9.433578391326193,13.503257639855843,0
-8.96911279451626,17.62947362159907,0
-3.7522398494588938,6.773963925024219,0
-7.470333506530018,13.74165966114278,0
8.076686336208553,-1.1419741095908238,0
-9.860796807262398,16.43449758693088,0
-4.777374575959932,11.159382681192238,0
4.9293140438635135,-1.6333859261827577,0
-7.676053435566774,12.666676338220118,0
5.492575651127961,2.466761526853345,0
1.2032848223120762,3.281224532183895,0
2.2188474392682025,2.58978988263726,0
-2.35247868579102,11.900139022223813,0
-9.503717855253754,18.417738844897006,0
1.6425130505371506,4.190716159499269,0
5.785725260484497,-0.1634081515937682,0
5.85925434165282,0.13497436666203555,0
-9.229619878154349,18.457907747089273,0
8.58254304971926,-2.0182937406518215,0
-2.879591719924388,10.404444223878086,0
5.462544310761858,2.198764840865782,0
-3.4197047797338627,10.113643474703897,0
-7.96332179572897,16.174899615167476,0
1.6320009537568332,4.774737140515033,0
4.34509129789004,0.41460948180784385,0
-5.107790435772699,10.971853564931893,0
5.851418300394188,1.4254403599773777,0
2.2480863559185984,1.038264297037038,0
5.163010338603897,4.6636876137051235,0
-7.816390872379166,14.364214638315481,0
7.4039292110616515,-1.6976671380001624,0
-5.775314942986894,10.430667792229432,0
9.021077311146367,-1.0131224798145233,0
7.590329939878615,0.976464217299263,0
-4.433268653702969,8.574571657582062,0
4.331390621365813,0.7855387852979376,0
-7.960937664507844,17.212996549215255,0
4.492446823699083,5.3978510947612115,0
9.605410545041234,-3.039363664206875,0
3.5120232013354773,4.512667700810457,0
2.368052221048929,2.7337906331626574,0
2.269329697165494,5.845099174680266,0
9.023217264795825,-5.725058602485634,0
7.377998801651348,-1.1318392963352668,0
5.874793964067564,-2.319832766723636,0
-5.224552785030754,9.45288268488508,0
-6.313012534759592,11.784107582349005,0
-9.865281884968137,19.29889560739977,0
-7.027430748818338,13.908846359435202,0
5.548524806707162,-1.2337937742960943,0
-9.819739540620231,18.857771080244945,0
9.246843026048065,-3.09737626633094,0
6.519000197771891,2.0538893161441223,0
-2.203302104114142,9.405609911625588,0
-3.983136464569627,7.829703195313565,0
-3.70379811997382,11.570034390445763,0
-6.678560760693033,9.790594341601146,0
-7.487564540845694,15.717319359313773,0
7.736897400841368,1.973883797254235,0
2.934975510870043,2.8550995891873097,0
-9.292828897821613,17.592246015612474,0
-7.530944930317467,14.757898091469249,0
-3.718276836543815,11.209761705539123,0
1.2142376863338473,8.352454474127105,0
-4.4526783160775825,12.236529859413961,0
9.787488777352042,-5.52442853585559,0
-9.805341397466803,19.70975998405516,0
2.5815889663680363,5.005976858478338,0
-4.844858972915345,9.405632810148283,0
4.839150311359109,2.419882049909015,0
-3.935620288007975,10.149954670349622,0
-7.969354532603614,14.192228139487568,0
2.1638283616516425,2.772200199167221,0
-4.65442261046033,10.160078415344328,0
-1.577130097260257,9.469599789457927,0
-6.038028628747836,12.659752129321914,0
5.294935478553384,1.1120871328914141,0
-4.993229774260981,12.243183675145819,0
-0.3862086289903104,9.850536462354146,0
9.489706471638783,-4.53388711211337,0
6.052852348640549,-0.6441773320584936,0
-5.3112615975137745,15.224399032697239,0
7.195904732049904,1.799322587786179,0
-0.3895645748337895,10.083330417928844,0
-2.3342948937491403,6.968007034149647,0
0.8207971789272364,2.9935059993070814,0
9.828408536291768,-3.616490587516477,0
2.7584628792207333,7.140447436640166,0
0.5464745947082896,5.410896652042121,0
9.8461918226579,-3.840556347471832,0
-2.5033730390920343,12.410969815020469,0
-7.873852629437477,15.709645702095557,0
0.6471190992001183,6.4300651626310055,0
-7.915034749122222,12.123152329345348,0
-1.9233925814672563,9.075210013642437,0
1.738359004298724,2.4720588855268506,0
-6.226026047426789,13.14970482855409,0
8.492215885866575,-0.4489074261259738,0
-7.7395228882709155,10.753222777143936,0
1.5820296030118328,3.2489366479351327,0
-8.689516071987612,15.01738236294267,0
4.489246237286615,3.6566051172957295,0
-3.5508622818833135,10.867567511484676,0
0.2326019226797058,9.530054229601502,0
4.560679342810323,-1.3668425935723572,0
5.493790370303371,-2.060408554938315,0
-6.244134727034778,15.420212519714573,0
-4.3640701379831786,8.829747710076228,0
-0.312929795531808,6.629474770449642,0
4.8591004289000885,-1.7698130243574743,0
-0.09134691846708165,8.49774978591799,0
9.657639275345929,-5.459391612754844,0
-3.805058501103902,7.918089099308917,0
-1.4968447742255009,4.880399459730956,0
-1.2031206711416065,6.6270925765119735,0
-2.826601162500717,6.241745770471346,0
-8.34088550333869,17.889127567664225,0
1.6647162975491447,3.7992970537554314,0
7.158973114070587,-3.217084545838828,0
-5.1936782898258755,10.70314771099402,0
7.047326259433856,-1.7451388852346152,0
4.934963761366824,-0.9546539403391385,0
5.665773077540983,1.5807322231352465,0
-3.4024865586553776,10.926978659400483,0
5.597780122315999,3.851933157403069,0
-7.950603790762343,14.110588402126996,0
8.347484969867079,0.19111091557801707,0
6.5318272644707775,-1.942817576180138,0
-5.520862968442732,11.194620055070668,0
6.340675182407541,1.4552763417289096,0
-9.210780414753758,17.159522107327188,0
7.184526781222395,-0.03858927175372173,0
-5.224275693659224,10.4287443647581,0
-9.696753103023907,16.486329052730326,0
-8.261801108367692,13.199530650296268,0
4.977055115264484,1.5912260468405126,0
-4.483010420108924,12.247551285517856,0
-6.940530676727008,16.01885808641099,0
8.77007538204937,-4.1490977726101805,0
-4.951972980905117,14.724865690139675,0
7.773665580645456,0.6290443733344091,0
5.108376657814009,0.5717556412424223,0
-4.485188998233207,9.74629039396392,0
-1.9483300598459365,11.315424219495984,0
-2.4085929399716477,7.638583139832312,0
5.7800551752828095,1.3373000372459574,0
7.24321200381176,-2.0314051553287396,0
8.798779513848444,-4.561996962156958,0
-8.400754941514105,18.17262054372459,0
-1.026745543510927,5.789936095413028,0
-2.601858564098407,5.838955495287113,0
-0.9309161533316797,9.986093643878093,0
6.67871417493026,-0.9321305920591811,0
9.874743923156753,-6.306860769628717,0
-2.2537575128251337,9.059669557473343,0
-8.605062754473622,15.848851030981148,0
4.210024413908936,1.9890318085924292,0
7.646639126346344,-1.9321184309231345,0
-5.657692645302987,12.761950819413848,0
2.9054392926194534,5.382184070734565,0
-0.9380335048100807,10.415346157822276,0
-9.1579784895163,13.595657322286145,0
-6.3326667339748655,14.862579844953114,0
-0.5220286838057078,6.658135046666187,0
6.975961965790518,-3.2385844937485593,0
-0.8323217112010202,7.131394683809495,0
4.845570134205502,2.261749373269156,0
1.1745324181843682,7.617069105191819,0
-1.111674184317069,8.488811423909038,0
5.10627784648111,1.1579987124886744,0
9.985998399630375,-1.7382109236336323,0
-9.957415393212493,17.637320147275933,0
-9.400854197187368,12.763848210813073,0
3.4313395076988744,4.25653613257665,0
-1.5696244629231675,5.238328159698147,0
-3.7813682090484324,12.452456581149233,0
-5.091510168897921,9.012745544144178,0
1.3157692185482475,4.565324109190394,0
-9.783545781144925,19.726779521271872,0
-0.3771446909045473,6.371736280150333,0
6.068837567134157,0.6422817785918866,0
-5.880836891275482,14.462399321234379,0
3.8857035536514672,1.003901245489522,0
-9.142978591764987,18.366957901984666,0
2.6484599595987994,5.488366177455227,0
8.640883564301461,-5.253091404623716,0
-5.980696362363462,11.22268286606707,0
1.8203743869893518,7.652570419594184,0
3.752442551420348,1.0203632341534306,0
1.4070818527030617,3.988248462947574,0
-7.47030950138178,16.195404221672206,0
0.7796319008621779,5.228915731238907,0
6.093520614650551,-0.5592771657126034,0
1.8754952309723105,4.991564912431677,0
-0.35537365066529425,7.746803006002366,0
-6.315559851202157,10.056111679193062,0
3.04530334388682,1.4866062336020374,0
-0.8553660073774942,7.1696398424619225,0
-2.8998454878647077,9.414809255237039,0
2.622117976513268,6.77953725621415,0
-9.90199380084791,17.55264869243328,0
-5.196449259090061,12.428311635681453,0
-1.7336563504791354,11.15603323353997,0
-4.021908212133123,10.33212477516603,0
2.956970673539203,5.4437067419077,0
-6.173450057130701,10.001190031164423,0
4.584181203077314,4.229470509469021,0
9.76977723533485,-2.768945850498034,0
5.180481047480026,-0.3104725537498574,0
-4.729104594518465,14.127722581944283,0
-4.350199467757387,10.62490089122575,0
8.322383067407383,-4.031880775207487,0
7.794415398962517,2.1436600107619377,0
-1.9002879367107504,9.123388109285857,0
0.9727952890226916,5.607674743081707,0
-4.737176109510262,10.430742611523364,0
-2.9609402633805644,9.400149642966547,0
-6.44263186778689,9.674807608668557,0
-6.943973173632845,15.988892389403478,0
4.91120109479386,1.1378686333283135,0
-8.30922328100415,12.362565102521064,0
4.873039666711204,3.698756621360083,0
-1.408555151315694,9.928535964909981,0
2.5997177692344806,5.128761525011897,0
-8.01143041554698,12.453358519607686,0
3.082646661453733,0.03316786337209665,0
8.556084767291335,0.538988573259628,0
-5.254851079925844,9.881309992565722,0
-6.120136151383512,11.883108191092948,0
3.3843026289544156,2.8526644768668072,0
5.192734977346248,3.4930199510143964,0
3.6894896316586845,-0.6646540252803428,0
-2.792107255235381,12.043880442589662,0
-1.8318389598252143,8.81373378332881,0
-2.4871547468754907,10.494835741842252,0
4.501263655543568,1.4372345674715223,0
-8.85960756389071,16.90387479003907,0
3.579098760444497,0.11083346415877271,0
4.140474772969338,5.722143675820494,0
4.978986666146589,0.47319744734270586,0
4.196945031324443,2.707898528437231,0
-9.876278287468722,14.450430914142643,0
8.523352861230208,-2.311496765283241,0
-4.8602352169041545,8.039566661427475,0
0.5481687209609714,3.734833867397784,0
7.76435280844893,-1.6319726686593352,0
1.2039961788793079,2.855039889829621,0
3.4113020964966623,1.9581429857860488,0
1.0654937520668195,4.000700588251092,0
-2.028995589411351,6.393527545349801,0
5.154117533222104,4.26232208315332,0
7.105739807353764,-0.03688539546974923,0
9.626634768085662,-3.5092189323285394,0
-7.091108506044472,11.255787343931095,0
-8.07407763079355,16.90118432761337,0
7.137924391631785,-2.0584684845602474,0
-3.1719660331965187,13.066835798210015,0
-3.4654424197937157,11.351827132248046,0
-5.816819117054182,9.604279094909588,0
5.984437400030956,-2.8277049046778933,0
3.7449026021348537,2.967278046439903,0
-9.178814091037344,14.099128772682583,0
9.217365695546363,-3.455839073683114,0
-7.483624350910336,12.150849900511187,0
7.114930149889858,-0.02557023083995702,0
-8.469051769216005,15.19663907265403,0
-6.264557683496628,12.018195239887767,0
-6.571874374172728,1.7961954254735488,1
1.8389209939656013,-9.966189185751055,1
0.7616481039897494,-10.674087683531312,1
-2.1365364565201306,-5.490768434411451,1
-4.149208779420062,-5.717160409381115,1
-0.12038237404755847,-5.080825834003447,1
-8.509033262250265,-0.3167513695021267,1
2.587871424959175,-6.057249523237829,1
8.474017105645583,-14.399735793099397,1
-8.759175857140766,1.3623125410275234,1
-7.229087028299526,4.105044572016849,1
8.938069860174561,-16.373206008483326,1
-1.9687518442886276,-6.398461251809314,1
-4.261916168612315,-2.823633055420631,1
5.394451807632507,-14.568281233376961,1
-5.846669666853295,-2.6419129950059173,1
1.2041615983342968,-6.418719662018992,1
-9.678660278374124,1.9950641423925441,1
-4.774193499742896,-3.3200280526435773,1
-4.0191052818312745,-0.18828420988844474,1
9.735227664847582,-19.385630411051274,1
0.8790564238564258,-8.96676662489751,1
-0.02445905682881211,-7.794230583854651,1
1.4012596271117204,-9.309380231574691,1
-8.507830698099195,2.8259356382034344,1
4.9772567389789195,-11.73241063513196,1
-0.44497997044515714,-2.926103171477606,1
7.547374563969566,-15.349059866575628,1
-3.3784944813586044,-1.8893808978210958,1
6.029548253240307,-13.25434930028346,1
4.3975459875374945,-13.782830718069796,1
5.666695874618892,-11.023340906184249,1
-1.7533134329600575,-4.558057935433565,1
5.39293568567286,-12.077598263049595,1
0.07959571770302531,-5.727711024496175,1
-7.5134386568666205,1.3084663166569381,1
3.2610001123718018,-7.401178651634686,1
2.838233511735595,-11.058019373248861,1
3.9171413341651586,-8.121925991751418,1
1.705288396729216,-4.826684497166831,1
6.05078479075053,-12.761604476148829,1
-4.079639754697122,-3.225287495204147,1
-1.6583773789427063,-2.450592430312194,1
6.633405175743974,-15.83687631516685,1
-2.356671498582794,-2.178262236068452,1
0.32149671144375347,-6.862169763045683,1
-7.3210147400392644,2.947921025600368,1
-3.1034722571224354,-4.138407481326412,1
3.393378986266562,-7.67363963862459,1
-5.790952688634004,1.8536623166116244,1
-0.20895348673418823,-4.888902427355118,1
6.245844536738346,-9.846245596294096,1
5.156947963671412,-13.397735840047474,1
-9.664121926144809,1.1623882054226922,1
-7.684590956737072,3.4408720262900276,1
-9.891952620987382,3.593843839254572,1
5.951413694769695,-10.18816330682801,1
-4.548839690558458,-0.14746806102088073,1
-8.66442300530087,3.9230641916784617,1
-5.664245744173306,-0.21952439979275518,1
-1.6311727950978998,-7.531621450119239,1
1.7445667116416956,-7.4891540805073955,1
-7.4501832694009185,-2.5001195272882253,1
7.617489358089429,-13.033587985549556,1
-0.4280352990099505,-6.53701283662658,1
-7.324047779306007,0.5348450179761004,1
-6.418232382826588,-2.572732835782759,1
5.2521061670803135,-9.708024269401742,1
-6.262277010048683,0.8075194808685318,1
0.1531503390217832,-9.595410853675771,1
5.821961951736302,-9.691692923525512,1
8.86800260320949,-12.636185040202193,1
-4.916914643879451,-1.8832408677937726,1
4.836588555096819,-13.475353361163247,1
6.767016753983917,-15.11897662391844,1
3.19897714414774,-10.758907179034086,1
9.551231215565505,-19.497706880779873,1
-2.7082805795352582,-4.588501841295109,1
-9.13863726301657,0.8349897068053913,1
2.320610944569861,-5.5876169024038616,1
8.883182693231106,-18.21817328270643,1
-5.369088694968203,-2.661310160515778,1
-0.9386087822450744,-8.59469485134102,1
2.8993336390608526,-7.28423083013206,1
-1.4111436311234868,-6.798769306797158,1
-8.946735441108011,5.637236670424345,1
-8.914969653355794,-0.34743457817882906,1
0.3728993664732414,-6.40150502715595,1
-1.6492568935544138,-5.913221225245431,1
8.351917706745297,-12.233625760453112,1
9.198118321035217,-15.93248733696431,1
-2.314629717831531,-3.220716580228501,1
4.49719193404051,-14.409577778087078,1
9.5364568814913,-19.412549119941676,1
0.6923623119426559,-10.63735750175702,1
8.373628517018474,-12.078892976635032,1
7.033561517297326,-10.590879596059754,1
3.2733889354641637,-9.1442506495155,1
-1.5830055820344242,-6.039278864359477,1
2.4387359840049054,-8.987186935011295,1
-9.34880937315426,2.0281664022726646,1
-4.756486117650461,-4.29728365524824,1
-2.566208003535859,-6.118303413962563,1
5.7235961850636645,-8.996461380947364,1
-2.260925783891614,-0.7933285546371129,1
-2.4248279100470143,-7.198432563894231,1
3.051184457662279,-12.871511871455764,1
-0.30697795983216913,-8.853146977156355,1
-7.7608476076244575,-0.9540693484883214,1
-1.9307440505591238,-6.410156590080351,1
1.1018659951437364,-9.246520332638006,1
-4.659398946092194,-1.367338303400711,1
6.005992695374875,-15.243944327875871,1
5.510402570461908,-10.75752809917669,1
9.070061677024096,-15.376667784532206,1
3.2226644083444747,-10.66588297590549,1
-1.8944192591397915,-7.773154765467002,1
1.5723024311120248,-8.720246914721852,1
-5.620507223861548,-3.8055834114840774,1
-1.8393938858710985,-6.995447303670344,1
0.8988020033677095,-9.583939488423052,1
9.509498220560921,-15.942331730688784,1
5.04627381547782,-10.847328721565262,1
6.088885135260455,-9.721532263569859,1
0.9671842564625504,-9.196598397890986,1
3.613760866127887,-9.53783316531053,1
-7.634818796064962,2.6357657868293245,1
2.219034913410935,-8.838180910743075,1
-1.91585418960468,-7.459665498938547,1
-0.2431959155886343,-5.763425926890545,1
0.7208854044184037,-8.357126329495014,1
-2.884817015430901,-0.8262945402179964,1
-2.482699166730855,-7.298603251222287,1
7.239500553912837,-14.010228862395312,1
-9.748462864297174,0.1807598270786137,1
-8.631928049793503,0.9620138350478209,1
0.7393942179493678,-4.63576854218953,1
8.189994704168353,-11.743374286756463,1
-9.521954595683104,3.6231712357998243,1
-4.517177853288034,0.3934883965654983,1
-0.6843318463306325,-6.327031630574594,1
-6.330617357149095,-0.796137187363759,1
9.389648917978679,-14.417882123989365,1
3.9703469405056406,-7.260762728311548,1
-1.8011931648381037,-6.954841286246975,1
-4.750750994636011,-5.017945780647954,1
7.607490828620012,-12.891334857936299,1
1.6209967570734811,-8.45298177909116,1
-0.1809340515719029,-4.706109076172957,1
-1.1095913650455902,-6.658647207891533,1
-5.01894980248724,0.37085882527370817,1
9.345182881282888,-15.761966835861589,1
5.050781451210524,-12.76761434839043,1
-4.843957646791077,-1.2207550317045532,1
2.755927979428666,-10.328333263955718,1
7.025126118144389,-11.647224992608242,1
-4.753535081470064,-3.71212868129553,1
6.989471776420487,-14.730887671423297,1
4.015145437007654,-11.826535662234075,1
-7.813400317845984,3.4289344109981723,1
2.416749462698128,-10.575357828452464,1
8.11340264663589,-12.662725934536201,1
-0.6240051313737993,-3.397601663166334,1
-7.7832408040271694,-0.3013082558285376,1
-3.8128195286255355,-2.468095668598056,1
-5.420718290341464,-0.026941892408252954,1
-2.0321707106927223,-4.238386046078065,1
4.308456620764293,-9.759242791303802,1
-3.850529840112589,-2.8866773998136983,1
-4.893372969203287,-3.3107442474846644,1
9.196423108470206,-12.200591835865037,1
-3.1689902918414248,-5.150812523649158,1
-0.07702294049009595,-5.490512034231212,1
-9.7753727554338,5.679364765913837,1
9.988065752676967,-17.252191000438916,1
2.516254342752873,-9.984182484107025,1
-8.2242052533228,-0.12793284816237716,1
-8.857274934399133,-0.13410693261723594,1
-9.516055305515913,1.1177876461446754,1
8.29867499074265,-15.93672855118523,1
0.8554716089447538,-5.417346887014515,1
-1.1313802166965452,-6.6830510286025415,1
-2.2377986732275135,-6.282616695054162,1
-9.655344952504123,4.297531023073075,1
-4.517480715997147,-5.310311815283898,1
-0.9540872769266926,-3.8466854560045523,1
3.696822341414057,-12.0400281674318,1
1.5892924016535872,-9.242821334833772,1
3.2612814967166663,-7.951006120058805,1
-9.684619160389776,6.401656786234717,1
5.991149908574622,-14.015561300201332,1
-4.25865842090011,-2.748445532101199,1
4.746737239900625,-10.745371676835767,1
4.797507697257981,-10.699021213274513,1
7.342411694846046,-13.493483032933106,1
-0.05996057889559303,-7.528213478971252,1
-3.560542104076154,-4.8841586531291075,1
-0.582475549671269,-3.440197422247932,1
8.737961204667016,-14.41588095135398,1
9.015062779832121,-18.04856029890417,1
9.895616493725896,-14.452912477049125,1
2.8140162826199955,-10.174990769754647,1
-2.7090004149190356,-1.1371989310644426,1
-5.890100376459342,-0.03481165488377691,1
-0.9100590986136048,-2.5652622209513427,1
5.327811143846315,-12.602030219237491,1
0.02401139879637526,-6.307208590808644,1
-7.242480205867732,1.4931013274230462,1
2.570265402023125,-5.928180783123736,1
-3.805386449135497,-3.228022933788191,1
8.67579314692717,-18.499452448446032,1
5.76296509280542,-12.134630913724145,1
3.7024317393195147,-9.774398722837667,1
7.877551316728017,-15.982884830032766,1
-5.541492820612812,0.5123157674315051,1
-6.168364251719347,1.0334119255456375,1
-7.402907213881244,1.4095326663311267,1
-3.032137469123768,-0.6204324550671401,1
1.9658209083009375,-9.925064178634914,1
1.94809764385775,-5.523371678965912,1
-6.410828382371787,-1.2181835098083935,1
-4.988060367182944,-0.9542027263325421,1
0.9233286449443572,-8.909366867957695,1
0.7306255039221394,-8.579440587593128,1
-5.869261637358938,1.548535185108972,1
4.435980040590891,-14.301610895839858,1
9.345759353041597,-17.747056123657288,1
-1.0133226040769916,-5.0414515771657,1
-1.209985399608298,-8.420778092584309,1
-1.1010946015118002,-8.470146288690389,1
-8.266367194685353,-1.247357312075616,1
9.577172887055529,-15.106767659109831,1
3.327865553599638,-12.977999506866121,1
-4.447113387961288,0.7819835612121011,1
7.317045551177461,-10.369478493251655,1
6.236803252531558,-15.524228597209104,1
7.83386254439143,-13.731182063962205,1
7.194276183295152,-16.548594506494634,1
-5.781083177685922,1.9244613643318607,1
-0.8012288239369738,-5.860152768787795,1
-2.2532693418847582,-2.7599923815849756,1
-4.158304507565793,-5.533418337801985,1
2.058126257882,-10.829315708603831,1
-9.455762865086573,1.4728321740489507,1
-9.720487715693046,2.446940518331423,1
9.88110090853063,-16.963928426854682,1
6.346217875589819,-13.075311672305286,1
-8.002101582156138,4.602845515135318,1
5.387771609060895,-13.32887919431925,1
-8.27739438494505,4.934847819991147,1
-2.6142023309042877,-4.150983233969637,1
-7.1221046178098195,-0.020409812012202266,1
7.307886692482917,-10.752670784455013,1
-9.74202327182118,3.5447138071697326,1
1.6321576617905507,-10.241546537106071,1
2.8993759217091952,-9.988513844109058,1
1.5525418577625736,-10.28511763119915,1
-5.930264680823216,0.7737997208190395,1
0.14184338224389847,-5.358805059892047,1
0.2751278393614527,-3.5396227615089004,1
2.032606980050504,-11.794736020318156,1
4.388422911681209,-8.788276783145012,1
9.362138988211626,-17.145776900249146,1
-1.318441774994902,-2.643663004457134,1
-7.92016024150298,3.354556236718061,1
8.347900711331306,-14.093124890364809,1
6.638076810284197,-9.81563880372875,1
3.809013351176503,-6.949828289958999,1
-6.458193090617208,2.90704096868983,1
-7.1526632541793145,-0.6847714263039064,1
-0.41867031057767434,-6.7110430318099725,1
-9.890107048303792,0.8427804571360795,1
-1.0034545055848554,-7.72183807870117,1
-6.030554360774529,-1.5375690656039378,1
-8.995630459797079,2.7706825352714564,1
7.576574719355989,-16.562198308561022,1
0.5393362394117425,-6.318148402506523,1
9.204532084599219,-16.447011653309904,1
-5.867950408903708,-2.1214235428473573,1
-3.615356691463596,-0.27144763362640845,1
6.604440363350747,-13.754912166863427,1
9.119760515954333,-15.788335580657698,1
-9.529332450103826,0.8814950570840168,1
4.677824468223914,-10.883438235918605,1
8.4695914687758,-13.78846381119591,1
7.325427278421223,-15.699667594226424,1
-6.470958871911108,3.123683764186944,1
-9.531321291039081,1.2319703512670284,1
-1.3947279350604411,-3.694466637887336,1
-2.3489485560296286,-2.4193358948029298,1
5.207582451403409,-14.835306056536533,1
-7.218839857736111,2.3562758019402867,1
0.8797218814144596,-5.55959519955484,1
-3.376451781507779,-0.6992276250977101,1
-8.886967251542172,2.327111067080998,1
-3.8239967288540067,-0.4298977242802149,1
-7.542969369483554,-1.3352567292747537,1
-1.5010804244772054,-7.2631951859625445,1
-3.3158855952548016,-0.5626615399457906,1
-8.844435690319823,3.984724683248553,1
-3.598341119204676,-0.6889068014639754,1
5.8242123974483935,-11.914562935018658,1
-4.69729855752989,0.9246283549919321,1
7.644867555988256,-17.644313742758374,1
1.8660691513144165,-9.227573730904368,1
1.5565829276784733,-9.621963221343183,1
-6.852212061236587,0.1702633981616195,1
3.6631017776254655,-13.10030379886869,1
2.0603795431873664,-9.054374149098471,1
-5.227584075902094,-3.059399465056412,1
8.916030810864012,-11.953261586291006,1
7.257164363575249,-12.257932223937608,1
1.2773214743720036,-10.705266861570843,1
-3.381438737021856,-3.171643945530475,1
-2.5922048469296177,-7.001436393241254,1
-9.007185247770584,1.7262751982862081,1
8.009159293888949,-14.79875350850881,1
4.289257838175452,-14.094732816465974,1
5.430610409037824,-15.060744566331257,1
-7.5629993004713425,-1.5289859987605618,1
2.5522021547809253,-10.869118075019792,1
8.186803981687333,-16.508284085982105,1
-5.2144311529706355,-4.001408330957649,1
-0.289550613439582,-5.960614235920133,1
3.1404524325514878,-9.67860807482935,1
-5.372292352786168,-3.2047716986044748,1
5.709523352258119,-11.006617654341275,1
-8.94247927653331,3.390914425571448,1
6.379461754970453,-13.968490893366582,1
-9.9048238781275,5.468046982140987,1
-0.5902933569584317,-7.13823180081494,1
0.28400111159968233,-8.89998187543035,1
5.194674883883186,-14.396588775815568,1
-3.8866463993655724,-5.599924140301477,1
-7.252891314121239,0.5198307465230565,1
-2.0977988591751773,-6.789890553931548,1
3.4885827875876423,-10.20005639204716,1
-3.625309111204791,-4.065049010204128,1
-0.3801018531234419,-7.272810643936809,1
-2.0525563641779065,-5.236478710258273,1
9.415997039324306,-14.093642896523605,1
5.2873825937916905,-8.933255951924068,1
-1.4958421568462796,-4.170587709576303,1
5.329740587809848,-9.821606210769946,1
-0.6331186823131585,-5.742421288080569,1
0.0999277386299866,-5.365928765817158,1
3.012337964817199,-12.723611218966147,1
8.753310681529822,-18.242613195721656,1
-3.289196429074046,0.23336069615055965,1
6.786166637616255,-13.593060088249443,1
-5.075860799270389,1.5214726107657026,1
1.9205434746426224,-6.801653361414445,1
-2.6621014200703508,-3.3496393142552847,1
-4.026412998142139,-2.7512885536644953,1
0.9301066362676131,-7.678312942210961,1
-2.9963489733114113,-0.134781479137295,1
-6.799267990939624,-0.7968220662948138,1
4.348003004678835,-8.745967181511553,1
8.562299927045775,-17.595542525948584,1
-2.1173269735252465,-7.542329209504459,1
-0.8597745642709764,-7.0019516185284125,1
0.037716804579321916,-8.396979294304908,1
-6.924854637556956,1.4119469030739165,1
-3.5804699184277293,-2.2705772479753588,1
-6.158842899909372,2.5885201064499053,1
-1.1683488959015857,-8.453299845056485,1
8.156856638430224,-15.760848776100705,1
1.4307570333483444,-5.657115121721382,1
-8.167943432465217,4.451778933813427,1
9.470503750987831,-16.195034632014334,1
9.193571558040187,-16.094641061072497,1
-9.260652150087182,5.482775705009263,1
-6.931380846036919,1.6788867391865177,1
-2.3841592162570002,-7.132891543651706,1
-1.442118875508914,-5.260249841715763,1
5.452520888668262,-10.271135844199438,1
1.8155782186235676,-7.019035976202222,1
0.9770855387636512,-8.308043848131963,1
-1.3192221331333283,-3.3294063534059815,1
-9.573088115984037,1.720579441212589,1
8.643656639903476,-13.448202549252187,1
7.867066037741118,-13.249537639101298,1
5.581637110292341,-13.037460130767357,1
3.3360356278593564,-12.73023358113289,1
7.730366702460202,-17.416214307804456,1
-9.589806838011954,4.2058378426850185,1
4.8939111388568435,-11.756096461363818,1
-4.044225819907197,-3.12847885709105,1
6.780501938071307,-11.78157901982733,1
-3.5653931696254197,-3.8535465405155724,1
-7.848442285620745,1.8643101583276653,1
7.9141255696816195,-14.339034973343779,1
-6.098020970993947,-2.1888677760710316,1
-7.97330860529478,1.7473393827160235,1
-6.249585737318231,-2.505447994847785,1
-3.758884216549694,0.17673517212341583,1
9.59068389962869,-13.340423890184491,1
-4.065060261925146,-2.2449337999887318,1
0.3737370055607592,-6.946440402500295,1
9.734084077412025,-12.83558258400063,1
8.118929706432048,-11.216712830992336,1
-0.8025728095813136,-3.007007457154993,1
-7.643744750785673,3.9450270184183216,1
8.956454474933341,-13.932454588325626,1
5.9393962497856005,-10.083118993118172,1
3.5695671180464217,-8.390516966076216,1
-0.9151213149388226,-4.751565208606417,1
3.40223876641301,-7.693341973404012,1
2.381175787893195,-9.630578493689086,1
-5.292130441906584,-0.39222116784264927,1
2.1968200808254306,-7.788825768650691,1
-8.422003739388934,1.27089478269726,1
-1.8688643165961878,-7.657330050980873,1
7.133068580994568,-16.562876480010928,1
6.7029916435338315,-10.323829876826863,1
9.904118436018013,-15.203753826858453,1
5.558223843896819,-11.406792286523702,1
3.6066962905479,-7.354591931111963,1
7.082896560127789,-13.085198031863333,1
6.961824232568766,-15.545142827807183,1
-5.741511127638585,-0.19727801185485383,1
-7.995838838086577,-0.454654593124026,1
8.037005335506805,-13.373334987585565,1
2.4536685694375038,-11.122341241828758,1
7.6405290606773235,-11.062548503165795,1
-0.6532289172360013,-7.867211998783002,1
-4.680155248221293,-1.175574945831193,1
-5.390834089071099,-0.37351686070597445,1
3.620242544318998,-12.847618322025493,1
-4.449132916038206,-3.6612345645210667,1
-1.6514811602235557,-8.003489646641512,1
2.8480528151130535,-6.470588308026006,1
-9.978639933798782,2.5262763628830838,1
4.753102126589184,-10.858614957070328,1
3.314236500144432,-9.645358781649033,1
-5.354170792805688,0.7592641638733539,1
-1.2945614666826941,-1.82082728899154,1
7.793626999963653,-12.863159686071263,1
1.986694714308431,-8.541993265107074,1
-7.980365599796128,1.691675221411014,1
-6.730781711290506,-0.3744576527889363,1
8.463494139347855,-11.81611291151532,1
-3.873328483444536,-1.186597224254446,1
1.328418872865754,-7.18202993939433,1
9.36274130123238,-19.324706579214,1
-2.3685314472916907,-4.023785942718209,1
-7.920676742005375,0.18843859794981288,1
-0.2305123255042716,-7.810405794919504,1
-5.383995830461206,-2.4201802825097243,1
9.69097294550836,-14.962594441773629,1
-4.930711304555755,-0.8742982664555647,1
6.5545385850419144,-16.24747263851598,1
-1.966926367692663,-5.453195669706737,1
0.990539416240253,-5.391972587918588,1
-3.1802144817097204,-1.9630745328410182,1
2.028026008417749,-11.162195262251721,1
6.08463009047103,-16.072076934347564,1
9.597488511592655,-18.02834026332954,1
-3.4726429388322817,-5.223574580400509,1
-7.926053065463199,1.555743056049666,1
3.065095508446632,-8.884880833980644,1
5.114869105889834,-13.327436932259822,1
1.5393847586709715,-6.112065417442203,1
-5.723207986510904,1.353064235284629,1
5.131911865046181,-10.611666456157643,1
-8.484912297574462,-0.6386209468085262,1
4.61982700353655,-10.409695318298397,1
-2.81815010383196,-0.9493479618188418,1
-9.200474821137723,5.905042559731319,1
4.391067865987226,-13.035380500161862,1
-7.996862171514259,0.32847981871816145,1
8.643183937008608,-15.735908289503286,1
-8.529764708780096,-0.9158686196631773,1
-1.9086838074962014,-7.387787282350571,1
2.605743953590885,-8.308774400702912,1
1.4061543079915282,-7.107406278944142,1
-2.550718520859416,-4.803593641670451,1
-6.968539443728121,2.833908092917757,1
2.4163171897073727,-8.820845287695228,1
-5.0496866433464564,1.3943605715558038,1
2.1006531519775677,-6.857374042339689,1
9.863565119702187,-14.403697997648239,1
5.6769729187807005,-10.773731849064433,1
-6.40912156980046,-0.6095927339506932,1
8.33764934097762,-11.696983905460264,1
-3.1066436283714705,-3.7115135914541764,1
-7.674831345265023,2.8640794541037753,1
-0.940685066917446,-6.490208111771372,1
3.4777834643269223,-10.99370571020674,1
5.776077442943011,-13.82292660503131,1
0.8677530678536289,-5.829626767810334,1
-4.20200189650825,-4.102047733934308,1
1.1567118529885185,-11.125600000840008,1
8.843590082535492,-14.205150768664922,1
2.820909775461306,-9.283990752467744,1
-4.323690871988499,-4.465738014833769,1
3.682095985102279,-7.525238375392161,1
1.3002714210797492,-11.101046584514863,1
-8.172830941407177,-0.2874133808416808,1
-3.055181436330514,-4.443170368137082,1
4.741684069192635,-11.851243103811989,1
0.5707591276340995,-7.094401606084458,1
3.5263863849842707,-11.64408332946185,1
-6.028519866906441,-3.7705327860029936,1
8.040541553036956,-14.265507903995482,1
-0.8666604791162165,-4.311916557730335,1
0.43639659413162946,-8.458244463978883,1
0.7304082303581989,-4.7998180805765465,1
0.04066435443882632,-7.215174077262378,1
-6.2285232087299125,3.1918284144976705,1
8.124559757414172,-17.270478521459562,1
-5.165808353790748,-3.303088241682861,1
-6.17848040808203,-0.19574279944002537,1
0.83947222167434,-4.757802665512809,1
8.914230414867717,-14.044985415802579,1
-3.4124458104295563,-0.5939910910637112,1
-8.74247069861758,1.1701973968666266,1
2.5288493751065992,-5.8609971489615935,1
8.42036455304094,-15.733403243211114,1
8.89730722776341,-16.498135580842387,1
-4.053050478693619,-5.436719187068025,1
-0.14561762199198647,-3.6436844009607374,1
-7.528023195868496,4.143221332051619,1
0.23481554973605334,-4.866512021818355,1
3.0664743938090826,-12.207334550104775,1
-8.3203784620739,-0.5704977675105383,1
-1.235789818169648,-4.457642698310352,1
1.6625643799698295,-8.21775775068189,1
-1.7062688068863014,-5.769792872380091,1
7.55188751050148,-11.012988862948616,1
-2.782095061258416,-5.765054635939456,1
5.730031353286211,-8.959613796789565,1
-0.19200994633967383,-7.551654280756299,1
-3.2396388860165377,-1.1628707640647242,1
8.878903140454359,-14.524379417489591,1
8.9544558865778,-13.842846424963906,1
-5.780428642705491,0.02247433015424427,1
7.705232392873501,-13.637732282165265,1
-1.3555277517799915,-6.61447462320783,1
2.3028468807644273,-6.109578561155811,1
9.400273575751047,-16.02149823316205,1
2.75788479612833,-7.492117098897127,1
7.265618314166268,-12.410089105377676,1
-0.13492354410457708,-5.032061743599876,1
6.603076620272642,-14.127570686266882,1
8.77317733915622,-16.69374139103782,1
-9.771677675384021,3.30094292588522,1
8.769515213092383,-16.75122649862459,1
-1.9263721215543406,-1.4158794988386894,1
-6.115801301762776,-1.908576110453966,1
5.06894922034032,-8.228269197692423,1
-5.276918745137702,0.5402672810043958,1
-0.5619619675905057,-7.286073543441543,1
-9.360561263740399,3.2581032647636468,1
7.758848367731197,-13.39080484450145,1
-7.947917389324961,4.37884325414613,1
7.330106928733311,-16.02367038821278,1
-8.012050783573045,-1.3457655919507072,1
-9.953317416144941,0.23889483353605456,1
0.7020395664575148,-10.33445869138383,1
-0.31834669540249827,-6.784852308622914,1
3.0470037535128363,-8.077014407425663,1
0.9069141352880941,-8.32902396559366,1
6.215604267499696,-13.5834212941854,1
1.2860872394556502,-9.851075308241438,1
-8.861213945697209,3.6145448546051044,1
-2.3716643716666708,-4.5368378911811105,1
-2.80617182624725,-2.4046217161339145,1
5.66619746009173,-10.146707834149337,1
-3.6984674377261895,-3.042234922649623,1
-6.075036162575477,0.20857696487579425,1
1.9968899952009362,-6.815139452167468,1
0.5530572417790953,-5.039549937727487,1
0.4207320837910906,-8.720693548641432,1
7.28036781558982,-15.828253540792183,1
1.7432604370808455,-9.75229103080255,1
-2.5242683666788164,-7.207230522249796,1
3.322595605096531,-12.522174079215091,1
0.8879311711197602,-9.36047241548186,1
-4.440827461068153,-1.8926058521270832,1
3.158843169725696,-7.831396456871429,1
-9.971106075598748,6.660825248768267,1
-6.22352834374073,-1.6695636874462396,1
8.291273185453903,-17.35463625397282,1
4.275350908809973,-12.323304850983536,1
-6.718119958853947,-2.6693413664471386,1
-2.359359094176485,-6.423963526043357,1
1.1766723386830318,-6.779261341749933,1
-2.7055087162489926,-6.405250517759853,1
5.891089909035687,-10.182593246091528,1
-1.4432512111923224,-1.6160969106043486,1
-9.398297589107134,2.0310238528299527,1
3.9335805802515367,-10.419226871560742,1
1.1563517394165714,-9.190573748900153,1
2.098516749658179,-10.360240703912384,1
-3.8233797636249793,-4.085184747106277,1
-1.7600709296821098,-7.829095514928481,1
-1.7161574988821684,-5.570529307452888,1
-6.105351642976167,-2.224871949989115,1
-3.1154828721715333,-2.2434230381932325,1
-7.417099158063505,-1.1386456502615045,1
-2.861481719101457,-1.9756231789274539,1
-6.254932759275698,-3.2392450638951926,1
8.45955442226986,-11.847106215125235,1
-1.6881310506375176,-3.2886577802700447,1
-8.817215447618436,3.140226425187959,1
-8.936503185711102,5.175864100718456,1
0.20292373417015241,-3.5428542526882945,1
9.978116651097636,-15.038687554413276,1
4.337527433622695,-8.558389481394089,1
5.838886683716655,-11.218602972504733,1
6.965422506243716,-10.263952744746195,1
-0.21059049469170255,-4.644575175142829,1
-3.398025072048611,-5.401880248556891,1
3.6313643092157637,-10.601675167385165,1
-5.7481476662601105,-4.239962436140815,1
5.0153621201319805,-9.282358211857073,1
8.567621158495616,-14.366185855678872,1
-1.2747447299532553,-5.029754433031149,1
1.9591253382936884,-7.8445802901095405,1
1.6637600577000526,-7.520491737779588,1
2.4469776020035567,-5.451776710162868,1
2.1481459799477083,-11.872648167886208,1
-9.860480230414097,5.632645432498553,1
4.891539631767738,-10.95864904996064,1
3.514178997836698,-12.100472612295555,1
5.3393660617834,-9.13557008251292,1
-2.0507704680398575,-3.0443716240419985,1
-3.4036749334679257,0.18163245802728056,1
5.505826612694998,-9.296408747083461,1
-9.174956326880325,-0.5369797316683727,1
-6.170219148435985,-2.91779256945283,1
-6.466725915809002,-3.1239476139099303,1
-0.7951452539579922,-3.0909107230776964,1
9.33913796036564,-13.40543222154581,1
2.6715879143883665,-12.21404257915506,1
8.54963144986528,-18.525172263815858,1
1.7619807718391574,-11.556596458198573,1
0.286517734985301,-6.790140745688358,1
-5.7669968350780065,0.6133339272819294,1
-8.940686326044585,-1.0104712624091619,1
7.109049192004445,-12.692740065886625,1
8.935333021582249,-14.219356753820483,1
-3.1757054034025156,-6.368112011578825,1
9.198521214849585,-18.135647549932504,1
2.981068750342642,-12.870354126751739,1
3.2693170312291855,-11.601295048639017,1
3.524067366943253,-11.662798314023618,1
5.148044466326681,-13.892385239601005,1
-1.3409033603147869,-4.665172401714247,1
7.23560963995175,-15.57833483678785,1
6.7488649007418005,-13.950475775153219,1
-7.294525899480369,-1.4872711400613374,1
-4.989023351180828,-2.152268444783573,1
-0.27705557304061657,-2.758836217970011,1
1.382039057101803,-6.727142208369155,1
-6.0911162722166186,-1.4068301735048117,1
1.9225698233844142,-10.294728516412656,1
6.957204336046711,-10.375091080179468,1
9.438012943704692,-19.41034032463231,1
7.749480186931461,-16.76008560610689,1
9.92825326316678,-19.514587448820567,1
-1.9210755936862167,-4.058307209666909,1
2.328653793632437,-5.806837903496582,1
-3.802139184170647,-0.5475209519330679,1
5.170257103500491,-13.480085653136447,1
3.0186689820386725,-7.2754228191613715,1
-3.925187140203499,-3.730961897032561,1
8.169610369001468,-13.807229834479099,1
7.637024883352261,-10.962619997969245,1
8.140259111812512,-16.34431461093299,1
1.1196385878017328,-6.738260458817048,1
-6.007500075818426,-3.6988921911868093,1
3.8467190675920815,-7.326576334755115,1
-6.43418832008928,3.069354522233467,1
-8.444770995878423,-0.965598836412644,1
-7.711899241078461,2.375372176002447,1
-2.9503539630269326,-2.0025195238590516,1
-0.6328541570614359,-8.160551348430007,1
3.2172745299834293,-7.584077148123092,1
-7.336126821817195,3.864633209816417,1
-7.553683731011878,1.1542174308359652,1
-0.5166301541343277,-9.332658118414516,1
4.784355810481129,-10.735904619127595,1
-5.8006945625842254,-1.1353439503744989,1
-7.848947740948137,-1.9761999368331367,1
-3.2117994493939257,-3.592414504411204,1
-5.588659439931831,1.1532949379445174,1
1.0520328334567672,-6.510575898523607,1
-4.492033744974133,-0.7895846374594626,1
-0.8308677360948398,-5.366623070867561,1
9.259354409250712,-18.79987985915824,1
7.368692583993376,-10.595184637699635,1
-6.006281583441641,-0.3589938508237749,1
-2.147872708039891,-1.8813613137122598,1
8.552117431539664,-16.84962848437428,1
-8.105343847181878,-1.3834615251490021,1
-0.706741882709025,-3.674328143388461,1
8.152151607734872,-12.242286309171806,1
-4.479710251989665,-1.9692714980713424,1
-7.003189425334639,-0.4210409523209009,1
1.3040853170352449,-6.469162424713264,1
9.324002152821581,-15.916898741796317,1
-4.2947781532840645,0.22996745125247475,1
9.639124411852041,-14.556600017350808,1
5.651347368192797,-14.286961289506687,1
-2.422016926460497,-2.746710928858108,1
8.618272222540583,-12.189694385407716,1
-4.513379867732308,-0.8288160095661539,1
6.823209108249191,-15.32170630889636,1
-5.238351298996513,2.104058087088481,1
-7.490283532418289,-0.41209843718772543,1
7.984431329450114,-16.273560619071237,1
-8.699488151983868,2.1498577827193426,1
6.254425036745818,-13.074668657900466,1
8.708140480746952,-16.33072583976295,1
0.4492323761933257,-6.782531257486241,1
2.447995340015744,-7.8977815910817455,1
-2.6521165323052482,-1.3795305031438518,1
9.188428780588286,-18.118423874857932,1
4.550619313535444,-7.571814884749717,1
-5.577996583730364,-3.9008958302221366,1
5.853442239707167,-11.858356346771412,1
9.254308096199257,-15.730061322842928,1
-7.036702713691811,2.3591864727759013,1
-6.674346411842615,0.9378371355225896,1
9.730373504769442,-17.45295884379998,1
6.3345565350103925,-16.224533127778397,1
-4.263188389286096,-2.7531538402591123,1
-5.771029858522438,-1.1137275496305703,1
-5.013460677415724,0.12963803494274728,1
-6.381661611901832,-0.9663715685684391,1
8.893597285682862,-18.853446772424064,1
5.654914835961931,-15.108231356416542,1
-6.691257092006905,1.5553437071058678,1
-2.676148810961063,-6.8371546110525845,1
-5.402327162413705,0.28972365696787516,1
3.2000396617931983,-8.93077169762054,1
0.6422007020318361,-5.339570343424205,1
-3.67377153037914,-3.7704360156991212,1
-1.5162927473806995,-4.349188774206164,1
-7.568389268184426,-1.1841820874241904,1
-1.9490243548884862,-6.37773784846312,1
1.8137480297211788,-11.006799258255073,1
8.144114675144696,-12.82160519334926,1
-4.011204045888091,-5.107108064080796,1
4.726017567639243,-14.084086554101894,1
7.872870314878583,-16.44875863561607,1
-3.831287380782113,-3.978765477443326,1
-8.671911690747402,1.2349056320316052,1
6.504047685038465,-13.380828687371245,1
4.387254949929728,-12.740876872792217,1
0.25441987053508264,-8.851872435638382,1
-4.742938172063507,-3.974509175839522,1
1.8176075639449056,-11.547696598767994,1
-6.091513237154247,1.3263188409174163,1
-3.0497891469781013,-2.3188490431383073,1
0.3693542174627833,-7.794927137008249,1
-6.3593335846613925,-3.0204729567302913,1
3.204680420001498,-11.180903287080795,1
-9.61259831480048,2.483082321497675,1
8.445344198962182,-15.06577807016782,1
-3.164257974425258,-0.6057610331577155,1
-3.243019650100063,-3.79998937966867,1
-6.577953803505516,-2.9251251656347703,1
6.799335413585158,-9.837043500479371,1
2.334961263342983,-8.74384974985941,1
4.098800401639071,-10.464216957779213,1
-2.6602581918808905,-0.3401604080112879,1
0.9006423386644578,-9.85141045308221,1
2.3777548961237738,-6.786117722383026,1
-8.585734365178217,2.539162624096848,1
9.971386374213857,-15.109512398011807,1
-2.092502993204592,-2.7579415352028596,1
9.850825707678776,-13.367220848307301,1
6.346594985114539,-12.064399888230316,1
-4.506320231279746,-4.254380728601221,1
-0.1531305095439457,-3.9641841489383856,1
6.615694567227081,-15.759282524256417,1
-1.8335838794010133,-7.774384831680566,1
6.7842494692090085,-11.522529371510087,1
0.4420800427428233,-7.156181014292544,1
9.496058965309313,-18.286071681280674,1
7.436767859451429,-15.609869767706607,1
-4.473806657642571,1.2679944628311843,1
-4.356641243886957,-4.567603113803079,1
-2.486894568416278,-7.4315837880794495,1
5.27296822728211,-9.26052931669205,1
6.232515100063157,-10.821007619300284,1
-3.60387402221823,-2.403894146519831,1
7.6491185090252785,-11.844179944163816,1
-3.252402038309934,-0.8128347941977587,1
-2.8342946419084676,-5.313864557611787,1
-2.227250430557781,-6.047639071132551,1
-6.8575186532567205,-0.13360538977074476,1
9.94768591299772,-15.145739394052306,1
-5.991952989341611,2.29221315269897,1
-8.141340931452534,2.409129989053392,1
7.343500581610645,-12.978964685252421,1
3.3912634343024486,-8.626254665147425,1
-9.566784041575145,3.7055185676964033,1
-1.8468904487717008,-5.534879699663609,1
8.582936111946022,-14.072309755525534,1
8.27118764826523,-12.223141657944403,1
9.792045228514656,-18.03178443743196,1
9.16941686989999,-14.652399031271491,1
2.7488686899712693,-11.24547360837964,1
-8.449014255153473,-1.2882491859476932,1
-9.589128301620047,2.4909817242433165,1
3.208510521140976,-11.502142758618461,1
-1.667159552920312,-8.12450837655808,1
1.5631324382041427,-7.157601638968309,1
6.492446160637424,-15.462831504381104,1
-1.7092133038107633,-5.876362658670519,1
-3.1641336373184314,-3.489563632684118,1
-0.4944544240053883,-5.48961938640436,1
-4.301652651796881,-1.8958677212640351,1
1.1431490604640953,-8.450676806712142,1
-1.9315099165511427,-1.8314384201544973,1
-7.876873998901459,3.962949991138602,1
0.15111416338507588,-7.435027688059642,1
-0.2831540249699671,-7.6751732465467315,1
-9.064740206527011,4.135449480946403,1
5.292695720806428,-12.439711124209028,1
-5.353845827036561,-2.239190594210731,1
-4.603594993226063,-4.6077943404921635,1
6.097449351593877,-10.170073801485096,1
-2.7709864694404507,-5.4151633989672705,1
-2.6106480184427845,-1.194906695893871,1
6.845496063061255,-12.676525027532225,1
0.12922763317596164,-5.497914860239947,1
-6.079140397877558,-1.8829610777078276,1
1.9574707320430242,-6.486430133938713,1
6.743938468464229,-15.305950864386242,1
8.903196117489998,-18.34456072147635,1
6.747691753093292,-11.989618787053358,1
1.0258441749189124,-10.839998795924714,1
-0.10650301974394338,-8.17106427543331,1
3.649409032873221,-12.45614240148345,1
7.339126394619093,-13.38733560851273,1
8.442880974084758,-18.43315374320597,1
7.746184901804302,-13.016434600007296,1
-9.133586041642225,-0.4109200149592276,1
5.383663729866777,-14.93023480413847,1
-0.06475018187012616,-5.260230018919136,1
0.8716571822426022,-3.884690224428492,1
-0.031180970463449142,-8.949722888578489,1
8.072793172189815,-12.865732548416998,1
-5.13226320969615,1.8127320132687568,1
9.651896667554023,-15.353356519264393,1
-5.812601565266913,-1.6209908045501917,1
7.574007825993046,-12.718353247496168,1
-5.921296378694341,-3.7132576597201075,1
2.6720835370728935,-6.683360418928055,1
-3.51791082136073,-5.10073046625494,1
-3.9219112300049748,0.17921104284361755,1
-6.403004716974809,1.4837130437276862,1
8.865342805680857,-18.17752779952545,1
-1.0343780809812557,-4.677424573756305,1
8.97055863032427,-13.845640771738399,1
3.363664333997182,-9.138860649760158,1
3.6737168887962746,-9.96982345765685,1
-4.89101412951965,0.12808835048145006,1
-3.748776686225419,-1.0946339033181802,1
-2.5910769307362047,-3.5794512171787867,1
-1.8393267404981533,-4.891585272865648,1
0.14894368905521382,-5.7743243633996935,1
7.879302197507641,-14.679970099339057,1
6.425592383499421,-13.84193209280312,1
6.304020431198175,-12.886924123697689,1
-9.623127777885879,4.784232821083532,1
2.515052615464228,-6.7786588982170315,1
-1.118912632540141,-6.674998367042642,1
-4.822481582954552,-1.8447817134922717,1
-9.052117088243554,4.128308059309042,1
-8.41508899929169,2.0376768752784393,1
-2.9717449868122303,-4.37484838563745,1
4.538320622533272,-9.798325411594627,1
-3.71117925360479,-5.319721785062914,1
-2.705890490384169,-6.345151810658788,1
4.6009799269830545,-8.797990443072527,1
2.067868867621481,-8.390737726764037,1
0.46558116557117657,-9.105197226688656,1
1.9097972247007995,-7.573629323722598,1
9.951884764148499,-13.699691318756122,1
-5.6094163308626115,-4.269565405866308,1
-9.95958522845094,4.143358765781766,1
-7.171985999081027,-1.5345746837106304,1
4.98084129374698,-13.458781898059591,1
8.939448381168852,-13.961741200533163,1
8.857897154848658,-12.072371554345539,1
-0.5550868734993593,-8.854044963713902,1
-7.374403855264267,0.6117901030801134,1
3.1237099791470673,-6.9882417446029175,1
9.061458630987612,-15.146268897267014,1
9.48678641954454,-13.192126743943264,1
7.297153724450812,-15.69238663196182,1
7.873772606821305,-15.185322078429028,1
7.564690860980097,-13.091861705228782,1
1.473452178217439,-8.726994807234417,1
-8.217838063953256,3.47883674945135,1
-6.9516413883474755,-0.3118194561473082,1
3.037755743708381,-9.606361762864939,1
6.834817135373996,-15.389975805292526,1
1.8640511923938181,-5.456678788525969,1
9.75399794923073,-13.90626110529776,1
-3.8298034907919725,-3.5969460752284492,1
2.127187205460979,-10.457938212098382,1
5.776911986780693,-14.680838244861969,1
1.0407529673278866,-9.369647425498027,1
2.2551116708029113,-5.376074336525196,1
-3.1948883415225415,-6.74886361802858,1
2.5786033324818582,-11.472591055354636,1
-4.2786095911883475,0.3002199455602046,1
-0.8432755091036004,-3.570255448072581,1
7.579337369141378,-11.15380577501957,1
3.1927239760941717,-11.170025001085751,1
-1.1375801596541812,-6.201768178208521,1
3.059816705456244,-7.959772902769204,1
-4.7732415202103695,-0.5942138483963104,1
7.439926638346776,-14.443137766151033,1
-2.7949691487551505,-3.2811371066859945,1
0.5570123085027241,-7.491801510781382,1
6.144223615292741,-15.934762450129881,1
6.9046628538542905,-14.012541215822196,1
5.430632214888149,-11.618805422971647,1
-8.972146992436196,5.131782440741113,1
-8.587156905520605,5.084673761485703,1
8.398472703473104,-13.589541863457663,1
-4.479464599233653,-3.6781132147874,1
-5.53769266575614,-3.541729650089554,1
0.30217294921108717,-6.538965664636181,1
4.756956221690967,-14.330798336671238,1
8.017788104895875,-16.068743533600074,1
2.3140277913902487,-11.597088526159947,1
-1.6855232333992873,-5.061958348448638,1
-6.776391582190266,-2.400539102488917,1
-4.084286805912669,-4.600997837289494,1
4.12876178520535,-10.30788965646873,1
6.606040648173845,-13.972824730799935,1
-5.504218593398673,-1.17714809241079,1
-7.90113684838534,1.750237609507181,1
-5.588435079083716,0.3810200924602203,1
-9.740078440460005,3.7177896591675577,1
7.506786412261263,-11.844876780902187,1
-1.8366905510936515,-7.5874792514298015,1
4.501708968542422,-14.478627534997566,1
-4.514115935205993,-0.1522109836177865,1
-6.115232777864071,-0.5908739693258278,1
7.45182253783047,-12.792816799904417,1
6.977345226288801,-13.498743656348566,1
9.677430449549448,-13.055036604904195,1
5.003066281462003,-14.031958121177253,1
1.9311676318423956,-7.492494943661354,1
-6.737591745860431,-1.6092211872974627,1
-2.422857175487499,-7.152799982014367,1
7.2062191442368935,-11.755874385183716,1
-8.57487594412488,-0.15417299782685845,1
-2.8179426551512377,-0.7249208748092522,1
-5.788528271340625,-1.6137343919115734,1
2.113170836802487,-7.272038108195965,1
-4.343997925364689,-5.309186725409368,1
8.816033236213848,-17.20981991322126,1
-7.771170234511722,3.410689454206384,1
3.986305274297198,-7.122414572577064,1
-5.851984606161647,2.377033071470051,1
-1.4734350416474093,-1.6700422555444994,1
3.9827137825556296,-13.520959362273068,1
-1.9795344193797781,-1.3893274088302108,1
-9.018595194987764,3.7595178649319445,1
-9.07262155038644,-0.5869950719435391,1
2.0888618619284216,-5.806001946685685,1
7.413214943145199,-16.368324937115887,1
9.9937901404042,-14.784235361395437,1
-8.041943889688357,3.1430781110266697,1
-4.203150577122397,-4.593937748060997,1
-4.96132248007852,-2.551192377304444,1
-6.741578605080214,-0.01858102038163345,1
5.805450661994929,-9.669971590873907,1
9.847224809501416,-18.188317972051284,1
-3.120520576579744,-4.636993576965055,1
5.620510784184209,-13.79407679494642,1
3.0938842214388806,-11.411151163273889,1
4.002651915791631,-7.153574087875472,1
-3.3042106633468515,-0.030769552294511726,1
-8.488973997395178,2.5544252225637614,1
5.014693193358417,-8.379291142844824,1
1.978649502962785,-9.722052885248939,1
-5.542784663240951,0.7429286822210202,1
3.3569284830883674,-8.689435393199144,1
-6.066412973680881,1.1856432288310135,1
4.525739426909958,-9.65512240883929,1
-5.458492876713981,-3.217084797433907,1
9.339274685200309,-17.091418818594633,1
1.15624175756688,-10.736498585340486,1
-2.384029906111474,-2.089131073354956,1
-3.4660430441888153,-5.122045274484702,1
3.4136099938958875,-8.401728627970693,1
9.550863489800236,-15.474605182038111,1
6.255700478172567,-15.269997651993638,1
